{"loss": [8750.7041015625, 967.1392822265625, 456.3946838378906, 313.29364013671875, 241.82107543945312, 198.548095703125, 167.7545928955078, 144.16964721679688, 127.57444763183594, 111.08992004394531, 101.0462875366211, 91.07427215576172, 83.27593994140625, 76.25428771972656, 70.34070587158203, 65.73710632324219, 60.92333221435547, 57.075645446777344, 54.02748107910156, 50.83547592163086, 48.881439208984375, 45.49016189575195, 43.85392379760742, 41.848365783691406, 39.801513671875, 38.55537796020508, 36.852760314941406, 35.76102066040039, 34.649253845214844, 33.46326446533203, 32.72300338745117, 31.586809158325195, 30.571552276611328, 29.732513427734375, 29.19999122619629, 28.43552589416504, 27.572221755981445, 26.88865852355957, 26.453466415405273, 25.739858627319336, 25.238590240478516, 24.820724487304688, 24.230201721191406, 23.844160079956055, 23.24979019165039, 22.881816864013672, 22.475528717041016, 22.28116226196289, 21.648447036743164, 21.346303939819336, 21.05080795288086, 20.78658676147461, 20.63703727722168, 20.25461196899414, 19.82284927368164, 19.580448150634766, 19.412790298461914, 19.169164657592773, 19.004154205322266, 18.69586944580078, 18.58496856689453, 18.61430549621582, 18.078115463256836, 18.028419494628906, 17.748498916625977, 17.68280029296875, 17.45206069946289, 17.282665252685547, 16.927064895629883, 16.923486709594727, 16.671770095825195, 16.59773063659668, 16.457687377929688, 16.40741539001465, 16.03325080871582, 16.101261138916016, 16.00390625, 15.646843910217285, 15.709309577941895, 15.556422233581543], "mean_absolute_error": [64.04319763183594, 21.78035545349121, 15.18269157409668, 12.590864181518555, 11.052560806274414, 10.013327598571777, 9.178013801574707, 8.5039644241333, 8.036503791809082, 7.486027717590332, 7.159778118133545, 6.810847759246826, 6.503362655639648, 6.225625038146973, 5.991918563842773, 5.787539958953857, 5.575348377227783, 5.4010748863220215, 5.2584733963012695, 5.092473983764648, 4.991939067840576, 4.820407390594482, 4.7303080558776855, 4.6212477684021, 4.498264789581299, 4.434018135070801, 4.3375563621521, 4.268852710723877, 4.208529949188232, 4.124957084655762, 4.080260276794434, 4.009477615356445, 3.943370819091797, 3.89001202583313, 3.856311559677124, 3.803511381149292, 3.750514030456543, 3.6979849338531494, 3.675480365753174, 3.622230052947998, 3.58487606048584, 3.5549509525299072, 3.5130434036254883, 3.484743595123291, 3.4467380046844482, 3.419332504272461, 3.3866899013519287, 3.3712961673736572, 3.3271756172180176, 3.3064112663269043, 3.280892848968506, 3.261384963989258, 3.248931884765625, 3.2173988819122314, 3.1799819469451904, 3.1641664505004883, 3.152719020843506, 3.13393497467041, 3.1181342601776123, 3.0934786796569824, 3.087510585784912, 3.09356951713562, 3.0405845642089844, 3.0439975261688232, 3.0160093307495117, 3.011181592941284, 2.9936304092407227, 2.9784505367279053, 2.948511838912964, 2.952301502227783, 2.9314467906951904, 2.924727439880371, 2.9075872898101807, 2.9044885635375977, 2.872626543045044, 2.8793928623199463, 2.867738962173462, 2.8340060710906982, 2.8431365489959717, 2.831036329269409], "mean_squared_error": [8751.45703125, 967.1094360351562, 456.400146484375, 313.31048583984375, 241.8229522705078, 198.54800415039062, 167.7650146484375, 144.1715850830078, 127.58171081542969, 111.09319305419922, 101.0293960571289, 91.08051300048828, 83.27820587158203, 76.24761199951172, 70.34221649169922, 65.7353744506836, 60.9227180480957, 57.07488250732422, 54.02851104736328, 50.83735275268555, 48.8822021484375, 45.49208450317383, 43.8557243347168, 41.846885681152344, 39.80095672607422, 38.55316162109375, 36.85283279418945, 35.7628288269043, 34.64982604980469, 33.464744567871094, 32.7241325378418, 31.587888717651367, 30.57164764404297, 29.733619689941406, 29.20000648498535, 28.43608856201172, 27.57292366027832, 26.88949966430664, 26.45374298095703, 25.740982055664062, 25.239452362060547, 24.82086753845215, 24.229764938354492, 23.843555450439453, 23.249187469482422, 22.882490158081055, 22.47544288635254, 22.281957626342773, 21.64904022216797, 21.347021102905273, 21.049684524536133, 20.787166595458984, 20.637502670288086, 20.254337310791016, 19.823963165283203, 19.581270217895508, 19.412925720214844, 19.16900634765625, 19.003128051757812, 18.69515037536621, 18.586135864257812, 18.614866256713867, 18.078588485717773, 18.028522491455078, 17.748716354370117, 17.681751251220703, 17.45306968688965, 17.282867431640625, 16.9271183013916, 16.923751831054688, 16.67220115661621, 16.597034454345703, 16.457536697387695, 16.408071517944336, 16.03315544128418, 16.101125717163086, 16.004161834716797, 15.646146774291992, 15.710431098937988, 15.556612014770508], "val_loss": [1662.765869140625, 621.2554931640625, 428.7980651855469, 370.84100341796875, 198.50282287597656, 223.63096618652344, 149.40147399902344, 162.41632080078125, 118.31227111816406, 136.4341583251953, 92.24726104736328, 100.46461486816406, 84.72657775878906, 97.50796508789062, 73.62836456298828, 68.92388916015625, 54.86248779296875, 77.35346984863281, 99.34243774414062, 49.83543014526367, 44.66654968261719, 45.12577438354492, 44.086429595947266, 55.426300048828125, 48.02497863769531, 41.108436584472656, 39.84625244140625, 35.7298469543457, 32.7827262878418, 33.498741149902344, 32.988746643066406, 69.2315444946289, 33.55230712890625, 36.043174743652344, 30.14459228515625, 30.804096221923828, 31.91336441040039, 26.561471939086914, 30.036876678466797, 35.617095947265625, 27.62606430053711, 24.614227294921875, 25.064048767089844, 30.709251403808594, 24.702234268188477, 25.590272903442383, 25.516145706176758, 22.860227584838867, 23.70956802368164, 28.339731216430664, 27.3276309967041, 24.01827049255371, 22.503040313720703, 27.930936813354492, 22.915822982788086, 21.81623077392578, 25.575014114379883, 21.426666259765625, 22.002727508544922, 23.741880416870117, 20.659595489501953, 20.672603607177734, 21.855770111083984, 23.575454711914062, 20.54572868347168, 25.579652786254883, 20.13969612121582, 27.4605655670166, 19.774038314819336, 25.84772300720215, 18.807241439819336, 19.987321853637695, 21.132904052734375, 18.482154846191406, 25.142059326171875, 18.318418502807617, 22.380876541137695, 19.715373992919922, 18.460773468017578, 25.71660804748535], "val_mean_absolute_error": [28.721694946289062, 17.638471603393555, 14.972726821899414, 14.505213737487793, 9.747138977050781, 10.96257495880127, 8.444347381591797, 9.115636825561523, 7.631587982177734, 8.602180480957031, 6.727206230163574, 7.172091484069824, 6.588186264038086, 6.962592124938965, 6.208481311798096, 5.981249809265137, 5.106694221496582, 6.467174053192139, 7.795182704925537, 4.967555522918701, 4.674884796142578, 4.678296089172363, 4.669443130493164, 5.4332990646362305, 4.8821940422058105, 4.580048084259033, 4.422033309936523, 4.109381675720215, 3.918464183807373, 4.001844882965088, 3.9836883544921875, 6.398409366607666, 4.052204132080078, 4.340013027191162, 3.7789013385772705, 3.9244325160980225, 3.991161346435547, 3.5309178829193115, 3.779294013977051, 3.9995858669281006, 3.649181842803955, 3.373405694961548, 3.416757106781006, 3.805490255355835, 3.371610164642334, 3.477416753768921, 3.436180830001831, 3.22318696975708, 3.3202946186065674, 3.892185688018799, 3.633213996887207, 3.3625235557556152, 3.208967685699463, 3.817434549331665, 3.182180404663086, 3.1532156467437744, 3.505228281021118, 3.172595500946045, 3.196420907974243, 3.4198944568634033, 3.0875484943389893, 3.0304324626922607, 3.243365526199341, 3.3643875122070312, 3.08837628364563, 3.625837564468384, 3.0275938510894775, 3.73522686958313, 2.9645121097564697, 3.575119733810425, 2.8982717990875244, 3.061771869659424, 3.163297414779663, 2.852189540863037, 3.5641655921936035, 2.819906711578369, 3.376171112060547, 3.0259182453155518, 2.8352859020233154, 3.5081348419189453],