{"loss": [3214.867919921875, 325.5066833496094, 193.04623413085938, 135.159423828125, 101.57012176513672, 84.28570556640625, 71.87931823730469, 63.4453125, 55.9715461730957, 52.00642776489258, 48.641082763671875, 44.91221618652344, 42.26697540283203, 39.92058563232422, 37.793296813964844, 36.239261627197266, 35.04549026489258, 33.15928268432617, 31.798439025878906, 31.4545841217041, 29.93695831298828, 29.196733474731445, 28.064451217651367, 27.483572006225586, 26.619447708129883, 26.03965187072754, 25.89154052734375, 24.998743057250977, 24.78458023071289, 24.62918472290039, 23.282840728759766, 23.3430233001709, 22.735692977905273, 22.58944320678711, 21.906034469604492, 21.5676326751709, 20.87932777404785, 21.076805114746094, 20.621891021728516, 20.556535720825195, 20.08339500427246, 19.78873062133789, 19.468896865844727, 19.368852615356445, 19.13052749633789, 18.807287216186523, 18.434999465942383, 18.509187698364258, 18.381084442138672, 18.020198822021484, 17.5677547454834, 17.67731475830078, 17.343830108642578, 17.3144588470459, 16.920495986938477, 16.765316009521484, 16.926610946655273, 16.608163833618164, 16.721086502075195, 16.287260055541992, 16.259143829345703, 16.09459686279297, 15.681880950927734, 16.112916946411133, 16.021034240722656, 15.534038543701172, 15.672137260437012, 15.147599220275879, 15.493317604064941, 15.166438102722168, 15.178926467895508, 15.110569953918457, 14.74600887298584, 14.623096466064453, 14.714766502380371, 14.558390617370605, 14.788570404052734, 14.676126480102539, 14.306806564331055, 14.367182731628418, 14.336363792419434, 14.084385871887207, 14.110942840576172, 14.019339561462402, 14.264863967895508, 13.754807472229004, 13.713221549987793, 13.926345825195312, 13.537773132324219, 13.437422752380371, 13.755697250366211, 13.430622100830078, 13.483680725097656, 13.69467830657959, 13.213597297668457, 13.251049995422363, 13.184947967529297, 13.36764144897461, 13.151864051818848, 13.021130561828613, 13.068531036376953, 12.948270797729492, 12.753320693969727, 12.920857429504395, 12.758818626403809, 12.592070579528809, 12.649493217468262, 12.768110275268555, 12.700023651123047, 12.523472785949707], "mean_squared_error": [3214.867919921875, 325.5066833496094, 193.04623413085938, 135.159423828125, 101.57012176513672, 84.28570556640625, 71.87931823730469, 63.4453125, 55.9715461730957, 52.00642776489258, 48.641082763671875, 44.91221618652344, 42.26697540283203, 39.92058563232422, 37.793296813964844, 36.239261627197266, 35.04549026489258, 33.15928268432617, 31.798439025878906, 31.4545841217041, 29.93695831298828, 29.196733474731445, 28.064451217651367, 27.483572006225586, 26.619447708129883, 26.03965187072754, 25.89154052734375, 24.998743057250977, 24.78458023071289, 24.62918472290039, 23.282840728759766, 23.3430233001709, 22.735692977905273, 22.58944320678711, 21.906034469604492, 21.5676326751709, 20.87932777404785, 21.076805114746094, 20.621891021728516, 20.556535720825195, 20.08339500427246, 19.78873062133789, 19.468896865844727, 19.368852615356445, 19.13052749633789, 18.807287216186523, 18.434999465942383, 18.509187698364258, 18.381084442138672, 18.020198822021484, 17.5677547454834, 17.67731475830078, 17.343830108642578, 17.3144588470459, 16.920495986938477, 16.765316009521484, 16.926610946655273, 16.608163833618164, 16.721086502075195, 16.287260055541992, 16.259143829345703, 16.09459686279297, 15.681880950927734, 16.112916946411133, 16.021034240722656, 15.534038543701172, 15.672137260437012, 15.147599220275879, 15.493317604064941, 15.166438102722168, 15.178926467895508, 15.110569953918457, 14.74600887298584, 14.623096466064453, 14.714766502380371, 14.558390617370605, 14.788570404052734, 14.676126480102539, 14.306806564331055, 14.367182731628418, 14.336363792419434, 14.084385871887207, 14.110942840576172, 14.019339561462402, 14.264863967895508, 13.754807472229004, 13.713221549987793, 13.926345825195312, 13.537773132324219, 13.437422752380371, 13.755697250366211, 13.430622100830078, 13.483680725097656, 13.69467830657959, 13.213597297668457, 13.251049995422363, 13.184947967529297, 13.36764144897461, 13.151864051818848, 13.021130561828613, 13.068531036376953, 12.948270797729492, 12.753320693969727, 12.920857429504395, 12.758818626403809, 12.592070579528809, 12.649493217468262, 12.768110275268555, 12.700023651123047, 12.523472785949707], "mean_absolute_error": [34.11613845825195, 13.093649864196777, 10.153575897216797, 8.513684272766113, 7.376102447509766, 6.727453231811523, 6.198368072509766, 5.821910381317139, 5.474791526794434, 5.280617713928223, 5.114866256713867, 4.9174089431762695, 4.769367694854736, 4.624494552612305, 4.50764274597168, 4.407543659210205, 4.341343402862549, 4.218945026397705, 4.130895137786865, 4.103612899780273, 4.003481864929199, 3.9681270122528076, 3.8888840675354004, 3.8557262420654297, 3.7891905307769775, 3.7527077198028564, 3.752779245376587, 3.6850578784942627, 3.6702027320861816, 3.653764486312866, 3.5516116619110107, 3.562485456466675, 3.5230321884155273, 3.508894205093384, 3.458197832107544, 3.428825616836548, 3.3703994750976562, 3.3946897983551025, 3.35752272605896, 3.3560688495635986, 3.3184444904327393, 3.2879042625427246, 3.264474391937256, 3.2603063583374023, 3.2373929023742676, 3.2112514972686768, 3.1796302795410156, 3.1865668296813965, 3.1791276931762695, 3.1454570293426514, 3.1140854358673096, 3.1158101558685303, 3.0911636352539062, 3.0860445499420166, 3.0527637004852295, 3.0361168384552, 3.047612190246582, 3.0246081352233887, 3.0392799377441406, 2.9955039024353027, 2.9960644245147705, 2.9759609699249268, 2.938277244567871, 2.9840288162231445, 2.972069025039673, 2.927584409713745, 2.942915439605713, 2.8886334896087646, 2.9219553470611572, 2.8967013359069824, 2.8886756896972656, 2.8876709938049316, 2.8522722721099854, 2.849160671234131, 2.8484129905700684, 2.8384623527526855, 2.8602523803710938, 2.8497977256774902, 2.8123116493225098, 2.814335346221924, 2.8092660903930664, 2.7915406227111816, 2.7905044555664062, 2.78403639793396, 2.8130881786346436, 2.7582716941833496, 2.7571263313293457, 2.7774031162261963, 2.7372238636016846, 2.7262697219848633, 2.7644731998443604, 2.729614734649658, 2.7353718280792236, 2.7566070556640625, 2.7092459201812744, 2.7099077701568604, 2.7031962871551514, 2.7253923416137695, 2.7000627517700195, 2.683345079421997, 2.6934962272644043, 2.679732322692871, 2.659263849258423, 2.6787147521972656, 2.666145086288452, 2.644545078277588, 2.652571201324463, 2.6625704765319824, 2.652726888656616, 2.6417531967163086],