{"loss": [20353.609375, 9507.775390625, 1895.19580078125, 1314.488037109375, 1025.1988525390625, 844.1445922851562, 729.36083984375, 645.1610717773438, 577.7618408203125, 516.9161987304688, 483.2196044921875, 442.7471618652344, 411.3559875488281, 387.8334045410156, 362.9700012207031, 345.4392395019531, 324.25927734375, 308.4678649902344, 296.43572998046875, 282.5484313964844, 270.7707824707031, 259.7212219238281, 251.63499450683594, 239.62733459472656, 238.42587280273438, 225.7892303466797, 218.06231689453125, 212.57049560546875, 208.59861755371094, 202.52476501464844, 197.99668884277344, 195.959228515625, 189.126708984375, 186.16021728515625, 180.03228759765625, 179.12986755371094, 174.0813446044922, 171.3282470703125, 168.4434356689453, 165.71261596679688, 163.12762451171875, 159.7294158935547, 158.52256774902344, 154.47605895996094, 152.9876708984375, 153.26223754882812, 149.37680053710938, 148.81642150878906, 145.55433654785156, 146.63885498046875, 142.69296264648438, 141.02606201171875, 139.3430938720703, 138.9867401123047, 137.31655883789062, 135.63021850585938, 135.5845947265625, 133.46092224121094, 132.1215362548828, 131.4901580810547, 129.9875030517578, 129.5697021484375, 128.11207580566406, 125.89140319824219, 127.23356628417969, 124.38683319091797, 125.56109619140625, 123.29890441894531, 121.85636138916016, 121.13398742675781, 120.53047943115234, 119.4954833984375, 118.1996078491211, 118.79373168945312, 116.32251739501953, 116.7004165649414, 115.20207214355469, 115.00639343261719, 112.9594497680664, 115.08760070800781], "mean_squared_error": [20353.609375, 9507.775390625, 1895.19580078125, 1314.488037109375, 1025.1988525390625, 844.1445922851562, 729.36083984375, 645.1610717773438, 577.7618408203125, 516.9161987304688, 483.2196044921875, 442.7471618652344, 411.3559875488281, 387.8334045410156, 362.9700012207031, 345.4392395019531, 324.25927734375, 308.4678649902344, 296.43572998046875, 282.5484313964844, 270.7707824707031, 259.7212219238281, 251.63499450683594, 239.62733459472656, 238.42587280273438, 225.7892303466797, 218.06231689453125, 212.57049560546875, 208.59861755371094, 202.52476501464844, 197.99668884277344, 195.959228515625, 189.126708984375, 186.16021728515625, 180.03228759765625, 179.12986755371094, 174.0813446044922, 171.3282470703125, 168.4434356689453, 165.71261596679688, 163.12762451171875, 159.7294158935547, 158.52256774902344, 154.47605895996094, 152.9876708984375, 153.26223754882812, 149.37680053710938, 148.81642150878906, 145.55433654785156, 146.63885498046875, 142.69296264648438, 141.02606201171875, 139.3430938720703, 138.9867401123047, 137.31655883789062, 135.63021850585938, 135.5845947265625, 133.46092224121094, 132.1215362548828, 131.4901580810547, 129.9875030517578, 129.5697021484375, 128.11207580566406, 125.89140319824219, 127.23356628417969, 124.38683319091797, 125.56109619140625, 123.29890441894531, 121.85636138916016, 121.13398742675781, 120.53047943115234, 119.4954833984375, 118.1996078491211, 118.79373168945312, 116.32251739501953, 116.7004165649414, 115.20207214355469, 115.00639343261719, 112.9594497680664, 115.08760070800781], "mean_absolute_error": [115.2646255493164, 71.13676452636719, 31.641239166259766, 26.325258255004883, 23.239151000976562, 21.064577102661133, 19.578603744506836, 18.394176483154297, 17.40139389038086, 16.456016540527344, 15.93587589263916, 15.232747077941895, 14.729372024536133, 14.31242561340332, 13.833389282226562, 13.486225128173828, 13.060688018798828, 12.768025398254395, 12.529868125915527, 12.22881031036377, 11.953781127929688, 11.715581893920898, 11.529032707214355, 11.264613151550293, 11.244426727294922, 10.937844276428223, 10.743650436401367, 10.622065544128418, 10.500626564025879, 10.376262664794922, 10.251378059387207, 10.201641082763672, 10.020907402038574, 9.959983825683594, 9.776684761047363, 9.758243560791016, 9.629526138305664, 9.554826736450195, 9.471683502197266, 9.393418312072754, 9.317316055297852, 9.21592903137207, 9.174703598022461, 9.061850547790527, 9.02490234375, 9.023797035217285, 8.923312187194824, 8.907432556152344, 8.805747032165527, 8.824021339416504, 8.733499526977539, 8.676389694213867, 8.625605583190918, 8.616358757019043, 8.559915542602539, 8.496582984924316, 8.511019706726074, 8.44608211517334, 8.39944839477539, 8.384401321411133, 8.334712982177734, 8.309574127197266, 8.282171249389648, 8.215967178344727, 8.24185848236084, 8.15158748626709, 8.182003021240234, 8.117554664611816, 8.085807800292969, 8.050287246704102, 8.022106170654297, 8.003040313720703, 7.947354793548584, 7.980480670928955, 7.895913124084473, 7.911377429962158, 7.866722106933594, 7.841945171356201, 7.785331726074219, 7.859477519989014], "val_loss": [17637.708984375, 2552.2119140625, 1664.265869140625, 1784.22265625, 910.7099609375, 927.1048583984375, 660.4794921875, 1231.05322265625, 565.4080810546875, 549.1256103515625, 454.72119140625, 512.1414794921875, 492.7875671386719, 418.1282043457031, 378.8880310058594, 319.2847595214844, 330.1447448730469, 303.09619140625, 368.7746887207031, 335.05810546875, 274.52978515625, 293.23321533203125, 277.83074951171875, 250.6938934326172, 264.0657043457031, 285.60906982421875, 246.07342529296875, 252.08203125, 236.74520874023438, 261.7619323730469, 267.8357238769531, 256.082275390625, 207.3837890625, 202.08738708496094, 204.35585021972656, 207.75856018066406, 208.7520751953125, 198.37632751464844, 222.26434326171875, 234.0232391357422, 223.686767578125, 223.5312957763672, 184.0711669921875, 256.4810791015625, 270.49285888671875, 177.82992553710938, 192.6909942626953, 198.86874389648438, 221.95046997070312, 184.18258666992188, 183.04782104492188, 177.36154174804688, 206.35446166992188, 167.54705810546875, 187.3708038330078, 157.8508758544922, 158.25723266601562, 164.06112670898438, 158.26202392578125, 161.79513549804688, 199.14181518554688, 151.0401611328125, 155.36825561523438, 158.94686889648438, 165.06558227539062, 172.5123291015625, 159.25347900390625, 173.47625732421875, 161.1380157470703, 205.5251922607422, 160.2537384033203, 152.50376892089844, 160.14413452148438, 164.8760223388672, 155.98568725585938, 172.03810119628906, 168.8650360107422, 149.53976440429688, 157.82015991210938, 151.9472198486328], "val_mean_squared_error": [17637.708984375, 2552.2119140625, 1664.265869140625, 1784.22265625, 910.7099609375, 927.1048583984375, 660.4794921875, 1231.05322265625, 565.4080810546875, 549.1256103515625, 454.72119140625, 512.1414794921875, 492.7875671386719, 418.1282043457031, 378.8880310058594, 319.2847595214844, 330.1447448730469, 303.09619140625, 368.7746887207031, 335.05810546875, 274.52978515625, 293.23321533203125, 277.83074951171875, 250.6938934326172, 264.0657043457031, 285.60906982421875, 246.07342529296875, 252.08203125, 236.74520874023438, 261.7619323730469, 267.8357238769531, 256.082275390625, 207.3837890625, 202.08738708496094, 204.35585021972656, 207.75856018066406, 208.7520751953125, 198.37632751464844, 222.26434326171875, 234.0232391357422, 223.686767578125, 223.5312957763672, 184.0711669921875, 256.4810791015625, 270.49285888671875, 177.82992553710938, 192.6909942626953, 198.86874389648438, 221.95046997070312, 184.18258666992188, 183.04782104492188, 177.36154174804688, 206.35446166992188, 167.54705810546875, 187.3708038330078, 157.8508758544922, 158.25723266601562, 164.06112670898438, 158.26202392578125, 161.79513549804688, 199.14181518554688, 151.0401611328125, 155.36825561523438, 158.94686889648438, 165.06558227539062, 172.5123291015625, 159.25347900390625, 173.47625732421875, 161.1380157470703, 205.5251922607422, 160.2537384033203, 152.50376892089844, 160.14413452148438, 164.8760223388672, 155.98568725585938, 172.03810119628906, 168.8650360107422, 149.53976440429688, 157.82015991210938, 151.9472198486328],