{"loss": [16896.859375, 3008.41796875, 1369.024169921875, 845.209716796875, 617.3956909179688, 479.36749267578125, 382.0418395996094, 312.6226501464844, 270.4566345214844, 238.865478515625, 212.2991180419922, 193.66796875, 176.02587890625, 165.1741943359375, 155.60791015625, 146.37168884277344, 139.10789489746094, 131.4434051513672, 126.32054901123047, 121.85023498535156, 116.72952270507812, 111.59239196777344, 109.30601501464844, 106.18107604980469, 103.16539764404297, 102.15869903564453, 96.57463073730469, 96.46488189697266, 93.6468505859375, 93.19503021240234, 89.3434066772461, 87.529052734375, 86.31127166748047, 82.38389587402344, 83.1112060546875, 80.17594909667969, 78.91825103759766, 78.25829315185547, 76.34904479980469, 74.87139129638672, 74.98441314697266, 72.43949127197266, 74.0549087524414, 70.75763702392578, 70.68031311035156, 69.43893432617188, 68.4339370727539, 68.3866958618164, 67.24691009521484, 66.53932189941406, 65.26888275146484, 64.2797622680664, 64.31005859375, 64.30438995361328, 62.986637115478516, 62.18534851074219, 61.52992630004883, 60.15597915649414, 60.05803298950195, 60.39204406738281, 57.81342697143555, 57.99061965942383, 58.51809310913086, 56.92164993286133, 57.47719955444336, 57.24580383300781, 55.50733947753906, 55.443626403808594, 54.12162780761719, 54.35921096801758, 54.04597854614258, 53.24907684326172, 52.440162658691406, 52.92937469482422, 51.534454345703125, 51.639766693115234, 51.28638458251953, 51.032569885253906, 50.422088623046875, 49.5919075012207, 49.640254974365234, 49.42289733886719, 48.892974853515625, 48.14702606201172, 47.9293212890625, 47.96672821044922, 46.932186126708984, 46.666053771972656, 46.80447006225586, 46.94893264770508, 45.851654052734375, 45.308746337890625, 46.01858901977539, 44.4901008605957, 44.31233215332031, 43.883384704589844, 44.293094635009766, 43.29480743408203, 43.99514389038086, 43.10841751098633, 42.5357780456543, 41.9166145324707, 41.776611328125, 41.805030822753906, 41.27820587158203, 41.59226989746094, 40.932186126708984, 40.08894348144531, 40.553897857666016, 39.80637741088867], "mean_squared_error": [16896.859375, 3008.41796875, 1369.024169921875, 845.209716796875, 617.3956909179688, 479.36749267578125, 382.0418395996094, 312.6226501464844, 270.4566345214844, 238.865478515625, 212.2991180419922, 193.66796875, 176.02587890625, 165.1741943359375, 155.60791015625, 146.37168884277344, 139.10789489746094, 131.4434051513672, 126.32054901123047, 121.85023498535156, 116.72952270507812, 111.59239196777344, 109.30601501464844, 106.18107604980469, 103.16539764404297, 102.15869903564453, 96.57463073730469, 96.46488189697266, 93.6468505859375, 93.19503021240234, 89.3434066772461, 87.529052734375, 86.31127166748047, 82.38389587402344, 83.1112060546875, 80.17594909667969, 78.91825103759766, 78.25829315185547, 76.34904479980469, 74.87139129638672, 74.98441314697266, 72.43949127197266, 74.0549087524414, 70.75763702392578, 70.68031311035156, 69.43893432617188, 68.4339370727539, 68.3866958618164, 67.24691009521484, 66.53932189941406, 65.26888275146484, 64.2797622680664, 64.31005859375, 64.30438995361328, 62.986637115478516, 62.18534851074219, 61.52992630004883, 60.15597915649414, 60.05803298950195, 60.39204406738281, 57.81342697143555, 57.99061965942383, 58.51809310913086, 56.92164993286133, 57.47719955444336, 57.24580383300781, 55.50733947753906, 55.443626403808594, 54.12162780761719, 54.35921096801758, 54.04597854614258, 53.24907684326172, 52.440162658691406, 52.92937469482422, 51.534454345703125, 51.639766693115234, 51.28638458251953, 51.032569885253906, 50.422088623046875, 49.5919075012207, 49.640254974365234, 49.42289733886719, 48.892974853515625, 48.14702606201172, 47.9293212890625, 47.96672821044922, 46.932186126708984, 46.666053771972656, 46.80447006225586, 46.94893264770508, 45.851654052734375, 45.308746337890625, 46.01858901977539, 44.4901008605957, 44.31233215332031, 43.883384704589844, 44.293094635009766, 43.29480743408203, 43.99514389038086, 43.10841751098633, 42.5357780456543, 41.9166145324707, 41.776611328125, 41.805030822753906, 41.27820587158203, 41.59226989746094, 40.932186126708984, 40.08894348144531, 40.553897857666016, 39.80637741088867], "mean_absolute_error": [101.19297790527344, 39.76917266845703, 27.140657424926758, 21.33779525756836, 18.22701072692871, 16.040849685668945, 14.283231735229492, 12.922365188598633, 12.00710678100586, 11.302407264709473, 10.647802352905273, 10.154582023620605, 9.672554969787598, 9.376264572143555, 9.11917781829834, 8.843934059143066, 8.634909629821777, 8.379556655883789, 8.232470512390137, 8.089109420776367, 7.929938793182373, 7.7446417808532715, 7.670604705810547, 7.565990924835205, 7.453554630279541, 7.417532920837402, 7.203630447387695, 7.2278032302856445, 7.122920513153076, 7.106414794921875, 6.963296890258789, 6.8851237297058105, 6.846236705780029, 6.6751389503479, 6.709393501281738, 6.597839832305908, 6.542562484741211, 6.520888328552246, 6.433165073394775, 6.375245094299316, 6.381892681121826, 6.2748494148254395, 6.354935169219971, 6.193450927734375, 6.197722911834717, 6.14689826965332, 6.112259387969971, 6.0856194496154785, 6.036550998687744, 6.015223026275635, 5.948154449462891, 5.912574291229248, 5.905797481536865, 5.918954849243164, 5.843754291534424, 5.807412624359131, 5.774280071258545, 5.710827827453613, 5.701543807983398, 5.716078758239746, 5.592006206512451, 5.606374740600586, 5.6319050788879395, 5.556704521179199, 5.575490951538086, 5.567171573638916, 5.483304977416992, 5.487720489501953, 5.409275054931641, 5.435586452484131, 5.416788101196289, 5.381895065307617, 5.329174518585205, 5.3649210929870605, 5.294106960296631, 5.302046298980713, 5.281482219696045, 5.266414642333984, 5.232912540435791, 5.199702739715576, 5.195128917694092, 5.186986923217773, 5.163441181182861, 5.12227725982666, 5.1191205978393555, 5.11427640914917, 5.056460380554199, 5.037634372711182, 5.061590671539307, 5.062904357910156, 5.015002727508545, 4.980775356292725, 5.020106792449951, 4.924839973449707, 4.909918785095215, 4.9026947021484375, 4.923161029815674, 4.870034217834473, 4.9158711433410645, 4.859603404998779, 4.834048271179199, 4.778326988220215, 4.785360336303711, 4.79235315322876, 4.7591423988342285, 4.779499053955078, 4.733039379119873, 4.686355113983154, 4.73130989074707, 4.682474613189697],