{"loss": [13969.2578125, 2442.81103515625, 1047.0390625, 640.7985229492188, 465.9244079589844, 377.1259765625, 313.8691101074219, 272.36981201171875, 240.72686767578125, 215.56732177734375, 200.2838134765625, 185.15257263183594, 174.40330505371094, 160.0692596435547, 152.09616088867188, 142.07691955566406, 135.5816650390625, 128.02542114257812, 124.5552978515625, 118.10448455810547, 113.33169555664062, 108.35140991210938, 104.38949584960938, 101.53848266601562, 97.35840606689453, 94.80313110351562, 93.4015884399414, 89.7833251953125, 88.00463104248047, 84.91470336914062, 84.1995849609375, 82.34236145019531, 80.2939453125, 78.44554901123047, 77.32928466796875, 76.02735900878906, 74.50094604492188, 72.77619171142578, 71.65121459960938, 70.22415161132812, 69.62061309814453, 68.74397277832031, 67.48907470703125, 66.0448226928711, 65.71670532226562, 63.41613006591797, 63.77031707763672, 62.06256103515625, 61.802955627441406, 60.961185455322266, 59.300209045410156, 59.42324447631836, 57.81637954711914, 57.879371643066406, 56.905433654785156, 56.98954391479492, 55.275753021240234, 54.531349182128906, 53.75514602661133, 53.44768142700195, 52.50785827636719, 52.00521469116211, 52.29595184326172, 50.79695129394531, 51.00310134887695, 49.37296676635742, 50.211090087890625, 50.026187896728516, 48.44768142700195, 48.124691009521484, 48.07272720336914, 47.188026428222656, 46.43181610107422, 46.16242599487305, 46.26329040527344, 45.730140686035156, 44.66679000854492, 44.317955017089844, 44.280662536621094, 43.4673957824707], "mean_squared_error": [13969.2578125, 2442.81103515625, 1047.0390625, 640.7985229492188, 465.9244079589844, 377.1259765625, 313.8691101074219, 272.36981201171875, 240.72686767578125, 215.56732177734375, 200.2838134765625, 185.15257263183594, 174.40330505371094, 160.0692596435547, 152.09616088867188, 142.07691955566406, 135.5816650390625, 128.02542114257812, 124.5552978515625, 118.10448455810547, 113.33169555664062, 108.35140991210938, 104.38949584960938, 101.53848266601562, 97.35840606689453, 94.80313110351562, 93.4015884399414, 89.7833251953125, 88.00463104248047, 84.91470336914062, 84.1995849609375, 82.34236145019531, 80.2939453125, 78.44554901123047, 77.32928466796875, 76.02735900878906, 74.50094604492188, 72.77619171142578, 71.65121459960938, 70.22415161132812, 69.62061309814453, 68.74397277832031, 67.48907470703125, 66.0448226928711, 65.71670532226562, 63.41613006591797, 63.77031707763672, 62.06256103515625, 61.802955627441406, 60.961185455322266, 59.300209045410156, 59.42324447631836, 57.81637954711914, 57.879371643066406, 56.905433654785156, 56.98954391479492, 55.275753021240234, 54.531349182128906, 53.75514602661133, 53.44768142700195, 52.50785827636719, 52.00521469116211, 52.29595184326172, 50.79695129394531, 51.00310134887695, 49.37296676635742, 50.211090087890625, 50.026187896728516, 48.44768142700195, 48.124691009521484, 48.07272720336914, 47.188026428222656, 46.43181610107422, 46.16242599487305, 46.26329040527344, 45.730140686035156, 44.66679000854492, 44.317955017089844, 44.280662536621094, 43.4673957824707], "mean_absolute_error": [88.3232421875, 35.54445266723633, 22.723129272460938, 17.855316162109375, 15.239696502685547, 13.830591201782227, 12.625968933105469, 11.776870727539062, 11.118674278259277, 10.548224449157715, 10.19362735748291, 9.790791511535645, 9.524843215942383, 9.135905265808105, 8.882774353027344, 8.593653678894043, 8.421187400817871, 8.173468589782715, 8.09424877166748, 7.856632232666016, 7.70245885848999, 7.559413909912109, 7.403738498687744, 7.2988057136535645, 7.16667366027832, 7.0609660148620605, 7.015081882476807, 6.8922343254089355, 6.804567337036133, 6.689511775970459, 6.679457187652588, 6.604061126708984, 6.517678737640381, 6.448667049407959, 6.411581039428711, 6.351582050323486, 6.2929277420043945, 6.211061477661133, 6.167293071746826, 6.107206344604492, 6.089508056640625, 6.033501148223877, 6.006564617156982, 5.927742004394531, 5.91297721862793, 5.804566860198975, 5.836010932922363, 5.739439487457275, 5.735276222229004, 5.705470085144043, 5.6334147453308105, 5.645834445953369, 5.560073375701904, 5.558291912078857, 5.522211074829102, 5.5228424072265625, 5.431407928466797, 5.398553371429443, 5.355886459350586, 5.3512654304504395, 5.286689281463623, 5.273724555969238, 5.284694671630859, 5.214227676391602, 5.226849555969238, 5.131655693054199, 5.179813385009766, 5.173181533813477, 5.096999645233154, 5.082096099853516, 5.072099685668945, 5.020427227020264, 4.9788289070129395, 4.973543167114258, 4.969277858734131, 4.942159175872803, 4.887859344482422, 4.8685784339904785, 4.870189189910889, 4.829669952392578], "val_loss": [3707.04833984375, 1477.8486328125, 804.8922729492188, 546.1870727539062, 411.41033935546875, 338.99090576171875, 328.5047912597656, 259.00238037109375, 222.44508361816406, 212.59716796875, 181.61195373535156, 198.00143432617188, 170.67996215820312, 244.52149963378906, 146.88912963867188, 145.66311645507812, 147.27198791503906, 142.59510803222656, 120.42347717285156, 136.36105346679688, 109.55492401123047, 140.87322998046875, 127.96501159667969, 105.0753402709961, 97.95599365234375, 104.09317779541016, 105.16773223876953, 96.62773132324219, 89.8531723022461, 98.87381744384766, 89.0574722290039, 111.12596130371094, 87.18909454345703, 87.5120849609375, 96.56932067871094, 83.35813903808594, 91.86817169189453, 93.58273315429688, 80.99174499511719, 83.2409439086914, 77.80668640136719, 85.21436309814453, 99.07247924804688, 70.61328887939453, 82.15218353271484, 80.68006134033203, 69.72722625732422, 99.6253433227539, 74.40149688720703, 93.70223236083984, 78.205078125, 65.31451416015625, 66.28352355957031, 67.95510864257812, 72.8578109741211, 72.2157974243164, 82.6927719116211, 67.9189453125, 87.65560913085938, 73.86481475830078, 61.39179992675781, 57.7510986328125, 71.46751403808594, 87.3762435913086, 61.76984405517578, 86.96825408935547, 62.25724411010742, 59.25881576538086, 62.640411376953125, 66.4898681640625, 63.55689239501953, 54.70394515991211, 59.85169219970703, 67.66780090332031, 58.14908218383789, 55.045936584472656, 57.48653030395508, 53.87104034423828, 57.01487350463867, 65.21305084228516], "val_mean_squared_error": [3707.04833984375, 1477.8486328125, 804.8922729492188, 546.1870727539062, 411.41033935546875, 338.99090576171875, 328.5047912597656, 259.00238037109375, 222.44508361816406, 212.59716796875, 181.61195373535156, 198.00143432617188, 170.67996215820312, 244.52149963378906, 146.88912963867188, 145.66311645507812, 147.27198791503906, 142.59510803222656, 120.42347717285156, 136.36105346679688, 109.55492401123047, 140.87322998046875, 127.96501159667969, 105.0753402709961, 97.95599365234375, 104.09317779541016, 105.16773223876953, 96.62773132324219, 89.8531723022461, 98.87381744384766, 89.0574722290039, 111.12596130371094, 87.18909454345703, 87.5120849609375, 96.56932067871094, 83.35813903808594, 91.86817169189453, 93.58273315429688, 80.99174499511719, 83.2409439086914, 77.80668640136719, 85.21436309814453, 99.07247924804688, 70.61328887939453, 82.15218353271484, 80.68006134033203, 69.72722625732422, 99.6253433227539, 74.40149688720703, 93.70223236083984, 78.205078125, 65.31451416015625, 66.28352355957031, 67.95510864257812, 72.8578109741211, 72.2157974243164, 82.6927719116211, 67.9189453125, 87.65560913085938, 73.86481475830078, 61.39179992675781, 57.7510986328125, 71.46751403808594, 87.3762435913086, 61.76984405517578, 86.96825408935547, 62.25724411010742, 59.25881576538086, 62.640411376953125, 66.4898681640625, 63.55689239501953, 54.70394515991211, 59.85169219970703, 67.66780090332031, 58.14908218383789, 55.045936584472656, 57.48653030395508, 53.87104034423828, 57.01487350463867, 65.21305084228516],