{"loss": [15380.068359375, 3157.743896484375, 1537.5107421875, 968.5883178710938, 707.4920043945312, 554.171630859375, 449.870361328125, 378.723388671875, 324.6174011230469, 283.5518493652344, 255.5238800048828, 231.7966766357422, 211.51925659179688, 193.07057189941406, 181.593017578125, 168.545654296875, 157.89190673828125, 149.4258270263672, 140.18760681152344, 135.5990447998047, 128.52989196777344, 122.77552795410156, 117.58927154541016, 113.53651428222656, 108.11137390136719, 105.6590347290039, 102.31404113769531, 99.36978149414062, 96.28591918945312, 93.19863891601562, 90.72167205810547, 88.13951110839844, 85.75704193115234, 84.47232818603516, 81.19432067871094, 79.501953125, 78.33414459228516, 75.42195892333984, 73.68014526367188, 72.52737426757812, 71.48226165771484, 69.15354919433594, 69.28948974609375, 67.33106231689453, 65.44430541992188, 63.8874397277832, 63.99686050415039, 61.97373580932617, 61.257389068603516, 60.06533432006836, 58.4129753112793, 58.30312728881836, 56.878482818603516, 56.30763244628906, 55.329715728759766, 55.23153305053711, 53.99212646484375, 53.12135696411133, 52.84780502319336, 52.18341064453125, 50.60857009887695, 51.151100158691406, 49.337745666503906, 49.51336669921875, 49.4276123046875, 48.27569580078125, 47.85082244873047, 46.9024543762207, 46.926673889160156, 45.73828887939453, 46.31011199951172, 45.24504470825195, 44.460968017578125, 44.920291900634766, 44.186771392822266, 43.755245208740234, 43.715946197509766, 43.36338424682617, 42.24977493286133, 42.22407531738281], "mean_squared_error": [15380.068359375, 3157.743896484375, 1537.5107421875, 968.5883178710938, 707.4920043945312, 554.171630859375, 449.870361328125, 378.723388671875, 324.6174011230469, 283.5518493652344, 255.5238800048828, 231.7966766357422, 211.51925659179688, 193.07057189941406, 181.593017578125, 168.545654296875, 157.89190673828125, 149.4258270263672, 140.18760681152344, 135.5990447998047, 128.52989196777344, 122.77552795410156, 117.58927154541016, 113.53651428222656, 108.11137390136719, 105.6590347290039, 102.31404113769531, 99.36978149414062, 96.28591918945312, 93.19863891601562, 90.72167205810547, 88.13951110839844, 85.75704193115234, 84.47232818603516, 81.19432067871094, 79.501953125, 78.33414459228516, 75.42195892333984, 73.68014526367188, 72.52737426757812, 71.48226165771484, 69.15354919433594, 69.28948974609375, 67.33106231689453, 65.44430541992188, 63.8874397277832, 63.99686050415039, 61.97373580932617, 61.257389068603516, 60.06533432006836, 58.4129753112793, 58.30312728881836, 56.878482818603516, 56.30763244628906, 55.329715728759766, 55.23153305053711, 53.99212646484375, 53.12135696411133, 52.84780502319336, 52.18341064453125, 50.60857009887695, 51.151100158691406, 49.337745666503906, 49.51336669921875, 49.4276123046875, 48.27569580078125, 47.85082244873047, 46.9024543762207, 46.926673889160156, 45.73828887939453, 46.31011199951172, 45.24504470825195, 44.460968017578125, 44.920291900634766, 44.186771392822266, 43.755245208740234, 43.715946197509766, 43.36338424682617, 42.24977493286133, 42.22407531738281], "mean_absolute_error": [94.9886474609375, 40.93950271606445, 28.459104537963867, 22.593673706054688, 19.331398010253906, 17.08835220336914, 15.365883827209473, 14.093088150024414, 13.06120777130127, 12.174095153808594, 11.566832542419434, 11.02933120727539, 10.551344871520996, 10.085897445678711, 9.770636558532715, 9.450665473937988, 9.147626876831055, 8.90890121459961, 8.658486366271973, 8.511924743652344, 8.279753684997559, 8.12693977355957, 7.963756084442139, 7.809505462646484, 7.62778902053833, 7.552968978881836, 7.424943447113037, 7.329036235809326, 7.221792221069336, 7.103501319885254, 7.008919715881348, 6.912302494049072, 6.814189910888672, 6.769970893859863, 6.628676414489746, 6.565719127655029, 6.517624378204346, 6.38429594039917, 6.321617126464844, 6.284567832946777, 6.227550506591797, 6.124551773071289, 6.154581069946289, 6.0642924308776855, 5.968153953552246, 5.899328708648682, 5.906061172485352, 5.798183917999268, 5.782924175262451, 5.7370476722717285, 5.638630390167236, 5.656416416168213, 5.572653770446777, 5.553103923797607, 5.506024360656738, 5.4931745529174805, 5.43843412399292, 5.400949954986572, 5.388270378112793, 5.352938652038574, 5.267293453216553, 5.299707412719727, 5.202141284942627, 5.227082252502441, 5.210368633270264, 5.151769638061523, 5.136835098266602, 5.077821731567383, 5.084953308105469, 5.017528057098389, 5.050082206726074, 4.991759777069092, 4.947321891784668, 4.982479095458984, 4.9373459815979, 4.914127826690674, 4.907948970794678, 4.900500774383545, 4.8266754150390625, 4.82366943359375], "val_loss": [4832.3759765625, 2261.988525390625, 1160.984375, 769.3731689453125, 575.83154296875, 525.8463745117188, 491.7303161621094, 370.2467956542969, 295.8257141113281, 274.4656066894531, 225.2364044189453, 239.68838500976562, 205.28489685058594, 176.25364685058594, 167.6921844482422, 153.73934936523438, 141.26333618164062, 151.6085662841797, 170.89979553222656, 146.4066619873047, 123.97532653808594, 114.85619354248047, 118.16114044189453, 109.47647094726562, 118.45095825195312, 119.7535400390625, 102.18708038330078, 134.10128784179688, 107.71931457519531, 91.28480529785156, 94.67569732666016, 111.61467742919922, 90.11962890625, 101.72640228271484, 103.66072845458984, 102.39837646484375, 111.48086547851562, 84.23323822021484, 103.70233917236328, 83.06751251220703, 76.64344787597656, 87.91927337646484, 80.95956420898438, 74.14041137695312, 73.0924301147461, 68.28024291992188, 95.29056549072266, 81.35836791992188, 75.25825500488281, 71.21961975097656, 68.07903289794922, 68.1258544921875, 71.72705078125, 64.40552520751953, 71.07622528076172, 65.4732894897461, 62.45985412597656, 90.00012969970703, 60.983158111572266, 59.00341796875, 66.50996398925781, 60.825435638427734, 63.461517333984375, 57.69882583618164, 56.0217170715332, 54.60586929321289, 56.101776123046875, 56.18159103393555, 51.834938049316406, 56.690982818603516, 52.407047271728516, 60.848175048828125, 52.429222106933594, 50.62900924682617, 50.195335388183594, 52.45226287841797, 54.19356155395508, 52.816680908203125, 49.16566467285156, 54.76372528076172], "val_mean_squared_error": [4832.3759765625, 2261.988525390625, 1160.984375, 769.3731689453125, 575.83154296875, 525.8463745117188, 491.7303161621094, 370.2467956542969, 295.8257141113281, 274.4656066894531, 225.2364044189453, 239.68838500976562, 205.28489685058594, 176.25364685058594, 167.6921844482422, 153.73934936523438, 141.26333618164062, 151.6085662841797, 170.89979553222656, 146.4066619873047, 123.97532653808594, 114.85619354248047, 118.16114044189453, 109.47647094726562, 118.45095825195312, 119.7535400390625, 102.18708038330078, 134.10128784179688, 107.71931457519531, 91.28480529785156, 94.67569732666016, 111.61467742919922, 90.11962890625, 101.72640228271484, 103.66072845458984, 102.39837646484375, 111.48086547851562, 84.23323822021484, 103.70233917236328, 83.06751251220703, 76.64344787597656, 87.91927337646484, 80.95956420898438, 74.14041137695312, 73.0924301147461, 68.28024291992188, 95.29056549072266, 81.35836791992188, 75.25825500488281, 71.21961975097656, 68.07903289794922, 68.1258544921875, 71.72705078125, 64.40552520751953, 71.07622528076172, 65.4732894897461, 62.45985412597656, 90.00012969970703, 60.983158111572266, 59.00341796875, 66.50996398925781, 60.825435638427734, 63.461517333984375, 57.69882583618164, 56.0217170715332, 54.60586929321289, 56.101776123046875, 56.18159103393555, 51.834938049316406, 56.690982818603516, 52.407047271728516, 60.848175048828125, 52.429222106933594, 50.62900924682617, 50.195335388183594, 52.45226287841797, 54.19356155395508, 52.816680908203125, 49.16566467285156, 54.76372528076172],