{"loss": [17918.763671875, 3844.2255859375, 1621.4454345703125, 855.8766479492188, 560.8863525390625, 412.16107177734375, 332.7312316894531, 276.5461120605469, 238.58607482910156, 208.69480895996094, 189.4737548828125, 175.74754333496094, 160.9055938720703, 149.98165893554688, 144.28646850585938, 135.28370666503906, 129.2323760986328, 123.48493194580078, 118.27983856201172, 113.23485565185547, 108.82245635986328, 105.4129867553711, 102.49896240234375, 97.11264038085938, 96.39263153076172, 92.51714324951172, 88.17244720458984, 85.15255737304688, 83.94683074951172, 82.0672378540039, 79.00125122070312, 76.54947662353516, 74.49515533447266, 73.56562042236328, 70.65440368652344, 69.25697326660156, 67.05929565429688, 66.14176177978516, 64.58432006835938, 63.035789489746094, 62.05940628051758, 60.77924728393555, 59.60993957519531, 57.5521354675293, 56.13777160644531, 55.86323928833008, 54.69384765625, 53.77231216430664, 52.64513397216797, 53.07958221435547, 50.634437561035156, 50.47666931152344, 48.926177978515625, 49.45474624633789, 48.371726989746094, 47.265625, 47.702152252197266, 45.82390213012695, 46.424800872802734, 45.516937255859375, 44.666465759277344, 43.7949333190918, 44.21182632446289, 42.67206954956055, 42.3524284362793, 42.57892990112305, 41.638946533203125, 41.05494689941406, 40.82621383666992, 40.69268798828125, 40.27287673950195, 39.897552490234375, 39.90840148925781, 38.442474365234375, 38.93843460083008, 38.695594787597656, 37.479732513427734, 38.02407455444336, 37.73748779296875, 36.94314193725586, 37.21357727050781, 36.913936614990234, 36.04710388183594, 35.961395263671875, 35.87211227416992, 35.5841178894043, 34.89455032348633, 34.81098175048828, 34.611873626708984, 34.18710708618164, 34.2052116394043, 34.12360382080078, 33.49418258666992, 33.54965591430664, 33.50749969482422, 33.064334869384766, 33.15739440917969, 32.930904388427734, 32.02952575683594, 32.51828384399414, 32.174903869628906, 32.34147644042969, 31.316129684448242, 31.729320526123047, 31.05792999267578, 30.851411819458008, 31.497957229614258, 30.670745849609375, 30.46176528930664, 30.4992618560791], "mean_squared_error": [17918.763671875, 3844.2255859375, 1621.4454345703125, 855.8766479492188, 560.8863525390625, 412.16107177734375, 332.7312316894531, 276.5461120605469, 238.58607482910156, 208.69480895996094, 189.4737548828125, 175.74754333496094, 160.9055938720703, 149.98165893554688, 144.28646850585938, 135.28370666503906, 129.2323760986328, 123.48493194580078, 118.27983856201172, 113.23485565185547, 108.82245635986328, 105.4129867553711, 102.49896240234375, 97.11264038085938, 96.39263153076172, 92.51714324951172, 88.17244720458984, 85.15255737304688, 83.94683074951172, 82.0672378540039, 79.00125122070312, 76.54947662353516, 74.49515533447266, 73.56562042236328, 70.65440368652344, 69.25697326660156, 67.05929565429688, 66.14176177978516, 64.58432006835938, 63.035789489746094, 62.05940628051758, 60.77924728393555, 59.60993957519531, 57.5521354675293, 56.13777160644531, 55.86323928833008, 54.69384765625, 53.77231216430664, 52.64513397216797, 53.07958221435547, 50.634437561035156, 50.47666931152344, 48.926177978515625, 49.45474624633789, 48.371726989746094, 47.265625, 47.702152252197266, 45.82390213012695, 46.424800872802734, 45.516937255859375, 44.666465759277344, 43.7949333190918, 44.21182632446289, 42.67206954956055, 42.3524284362793, 42.57892990112305, 41.638946533203125, 41.05494689941406, 40.82621383666992, 40.69268798828125, 40.27287673950195, 39.897552490234375, 39.90840148925781, 38.442474365234375, 38.93843460083008, 38.695594787597656, 37.479732513427734, 38.02407455444336, 37.73748779296875, 36.94314193725586, 37.21357727050781, 36.913936614990234, 36.04710388183594, 35.961395263671875, 35.87211227416992, 35.5841178894043, 34.89455032348633, 34.81098175048828, 34.611873626708984, 34.18710708618164, 34.2052116394043, 34.12360382080078, 33.49418258666992, 33.54965591430664, 33.50749969482422, 33.064334869384766, 33.15739440917969, 32.930904388427734, 32.02952575683594, 32.51828384399414, 32.174903869628906, 32.34147644042969, 31.316129684448242, 31.729320526123047, 31.05792999267578, 30.851411819458008, 31.497957229614258, 30.670745849609375, 30.46176528930664, 30.4992618560791], "mean_absolute_error": [104.21073150634766, 45.213348388671875, 29.04053497314453, 20.915407180786133, 16.936321258544922, 14.490143775939941, 13.059565544128418, 11.88343334197998, 11.0673828125, 10.356669425964355, 9.916062355041504, 9.540094375610352, 9.119789123535156, 8.786070823669434, 8.644097328186035, 8.368748664855957, 8.188446998596191, 8.007516860961914, 7.83628511428833, 7.6555495262146, 7.506502628326416, 7.388559341430664, 7.284854412078857, 7.102408409118652, 7.088937282562256, 6.921453475952148, 6.77089786529541, 6.646261215209961, 6.617978572845459, 6.5387420654296875, 6.421889781951904, 6.322011470794678, 6.245382785797119, 6.217712879180908, 6.084893703460693, 6.035024642944336, 5.936868190765381, 5.895830154418945, 5.827489376068115, 5.760868072509766, 5.727872371673584, 5.662633895874023, 5.608033657073975, 5.507306098937988, 5.451848030090332, 5.444370746612549, 5.384922981262207, 5.342893600463867, 5.29585599899292, 5.322243690490723, 5.205161094665527, 5.181097984313965, 5.110687255859375, 5.162459850311279, 5.089796543121338, 5.028528690338135, 5.053337574005127, 4.96840763092041, 4.987259387969971, 4.957988262176514, 4.904952526092529, 4.853470325469971, 4.886841773986816, 4.791356563568115, 4.780487060546875, 4.797088623046875, 4.74170446395874, 4.713958740234375, 4.710478782653809, 4.694112300872803, 4.672220706939697, 4.659201622009277, 4.659473419189453, 4.5539870262146, 4.605484485626221, 4.585827350616455, 4.515921592712402, 4.552847385406494, 4.535569667816162, 4.486029624938965, 4.503458499908447, 4.491528511047363, 4.433647155761719, 4.4292707443237305, 4.4267191886901855, 4.412964820861816, 4.37261962890625, 4.370127201080322, 4.343585014343262, 4.322166919708252, 4.3318376541137695, 4.32757043838501, 4.2845778465271, 4.287512302398682, 4.280542850494385, 4.259409427642822, 4.264462947845459, 4.251349925994873, 4.197026252746582, 4.225464344024658, 4.208864212036133, 4.21408748626709, 4.149737358093262, 4.1729936599731445, 4.139558792114258, 4.122531890869141, 4.160900115966797, 4.106545448303223, 4.0909624099731445, 4.1021409034729],