{"loss": [6665.36376953125, 561.1199951171875, 303.4083557128906, 203.51345825195312, 155.6543731689453, 127.00386047363281, 104.99087524414062, 91.67533874511719, 82.60749053955078, 75.23966217041016, 67.63814544677734, 62.38273620605469, 59.32976150512695, 55.08304977416992, 52.51319122314453, 49.89531707763672, 47.30910873413086, 45.41025924682617, 43.437503814697266, 42.070655822753906, 40.11652755737305, 38.2820930480957, 37.44574737548828, 36.10745620727539, 34.81087875366211, 33.74815368652344, 32.11920928955078, 31.59107208251953, 30.547161102294922, 29.85206413269043, 28.806846618652344, 27.651060104370117, 27.4594783782959, 26.589672088623047, 26.229129791259766, 25.34070587158203, 25.100324630737305, 24.54094696044922, 23.82754898071289, 23.216228485107422, 22.992467880249023, 22.396406173706055, 22.10561752319336, 21.522716522216797, 21.383892059326172, 20.90625762939453, 20.559534072875977, 20.327503204345703, 19.89277458190918, 19.72087287902832, 19.246803283691406, 18.718481063842773, 18.945762634277344, 18.484771728515625, 18.303531646728516, 18.1745548248291, 17.631271362304688, 17.586042404174805, 17.455413818359375, 17.248504638671875, 17.11609649658203, 16.98479461669922, 16.69455909729004, 16.493438720703125, 16.34319305419922, 16.243345260620117, 16.030733108520508, 15.732514381408691, 16.063894271850586, 15.606223106384277, 15.583196640014648, 15.164793968200684, 15.121875762939453, 15.021924018859863, 14.912277221679688, 14.799407005310059, 14.793609619140625, 14.701810836791992, 14.425106048583984, 14.34407901763916, 14.104475021362305, 14.09367561340332, 13.969522476196289, 13.975707054138184, 13.719207763671875, 13.649992942810059, 13.660454750061035, 13.483851432800293, 13.311884880065918, 13.287948608398438, 13.070704460144043, 13.081295013427734, 13.023850440979004, 12.840024948120117, 12.93263053894043, 12.786808013916016, 12.888694763183594, 12.707357406616211, 12.593711853027344, 12.436223030090332, 12.406122207641602, 12.386062622070312, 12.156607627868652, 12.347187042236328, 12.044015884399414, 12.034502029418945, 12.078289985656738, 11.909567832946777, 11.800275802612305, 11.71908950805664], "mean_squared_error": [6665.36376953125, 561.1199951171875, 303.4083557128906, 203.51345825195312, 155.6543731689453, 127.00386047363281, 104.99087524414062, 91.67533874511719, 82.60749053955078, 75.23966217041016, 67.63814544677734, 62.38273620605469, 59.32976150512695, 55.08304977416992, 52.51319122314453, 49.89531707763672, 47.30910873413086, 45.41025924682617, 43.437503814697266, 42.070655822753906, 40.11652755737305, 38.2820930480957, 37.44574737548828, 36.10745620727539, 34.81087875366211, 33.74815368652344, 32.11920928955078, 31.59107208251953, 30.547161102294922, 29.85206413269043, 28.806846618652344, 27.651060104370117, 27.4594783782959, 26.589672088623047, 26.229129791259766, 25.34070587158203, 25.100324630737305, 24.54094696044922, 23.82754898071289, 23.216228485107422, 22.992467880249023, 22.396406173706055, 22.10561752319336, 21.522716522216797, 21.383892059326172, 20.90625762939453, 20.559534072875977, 20.327503204345703, 19.89277458190918, 19.72087287902832, 19.246803283691406, 18.718481063842773, 18.945762634277344, 18.484771728515625, 18.303531646728516, 18.1745548248291, 17.631271362304688, 17.586042404174805, 17.455413818359375, 17.248504638671875, 17.11609649658203, 16.98479461669922, 16.69455909729004, 16.493438720703125, 16.34319305419922, 16.243345260620117, 16.030733108520508, 15.732514381408691, 16.063894271850586, 15.606223106384277, 15.583196640014648, 15.164793968200684, 15.121875762939453, 15.021924018859863, 14.912277221679688, 14.799407005310059, 14.793609619140625, 14.701810836791992, 14.425106048583984, 14.34407901763916, 14.104475021362305, 14.09367561340332, 13.969522476196289, 13.975707054138184, 13.719207763671875, 13.649992942810059, 13.660454750061035, 13.483851432800293, 13.311884880065918, 13.287948608398438, 13.070704460144043, 13.081295013427734, 13.023850440979004, 12.840024948120117, 12.93263053894043, 12.786808013916016, 12.888694763183594, 12.707357406616211, 12.593711853027344, 12.436223030090332, 12.406122207641602, 12.386062622070312, 12.156607627868652, 12.347187042236328, 12.044015884399414, 12.034502029418945, 12.078289985656738, 11.909567832946777, 11.800275802612305, 11.71908950805664], "mean_absolute_error": [52.950809478759766, 17.001996994018555, 12.48495864868164, 10.219603538513184, 8.95019817352295, 8.097369194030762, 7.366074562072754, 6.890169143676758, 6.554351806640625, 6.268622398376465, 5.934930324554443, 5.716381549835205, 5.570406913757324, 5.363880634307861, 5.233745574951172, 5.112504005432129, 4.9744157791137695, 4.88262939453125, 4.770598888397217, 4.694521427154541, 4.590923309326172, 4.471523761749268, 4.437441825866699, 4.360927581787109, 4.280210494995117, 4.221803665161133, 4.108644962310791, 4.080257415771484, 4.011044025421143, 3.9705257415771484, 3.899101734161377, 3.8179259300231934, 3.812175989151001, 3.7478039264678955, 3.7304859161376953, 3.666374444961548, 3.6500728130340576, 3.6102445125579834, 3.5578441619873047, 3.5187556743621826, 3.5024125576019287, 3.446894407272339, 3.430051326751709, 3.384765386581421, 3.3749396800994873, 3.340087890625, 3.318848133087158, 3.2987194061279297, 3.266808271408081, 3.2554290294647217, 3.215379476547241, 3.174065351486206, 3.1874606609344482, 3.1483235359191895, 3.1333510875701904, 3.128448247909546, 3.0779829025268555, 3.0744431018829346, 3.067542314529419, 3.0471127033233643, 3.0391342639923096, 3.0310630798339844, 3.0005156993865967, 2.9831461906433105, 2.969442367553711, 2.9596941471099854, 2.9402670860290527, 2.9107632637023926, 2.9486420154571533, 2.906029224395752, 2.904047727584839, 2.867520570755005, 2.8593311309814453, 2.853961706161499, 2.8379616737365723, 2.8362514972686768, 2.828765392303467, 2.8250396251678467, 2.798828125, 2.790961265563965, 2.7672879695892334, 2.7626800537109375, 2.7536566257476807, 2.7505943775177, 2.7265920639038086, 2.7202651500701904, 2.7226645946502686, 2.7021117210388184, 2.687368631362915, 2.6858339309692383, 2.660552501678467, 2.6613361835479736, 2.6580557823181152, 2.638920783996582, 2.652817726135254, 2.633812665939331, 2.6486353874206543, 2.624762535095215, 2.6155495643615723, 2.6007368564605713, 2.593848705291748, 2.595630407333374, 2.5700504779815674, 2.5946106910705566, 2.5571601390838623, 2.557386875152588, 2.5598344802856445, 2.54658842086792, 2.5340025424957275, 2.527433395385742],