{"loss": [10582.1103515625, 1311.8453369140625, 595.528564453125, 388.6003112792969, 293.4512634277344, 238.93148803710938, 203.02293395996094, 177.7004852294922, 156.95257568359375, 142.3391876220703, 130.2945098876953, 117.24716186523438, 108.50224304199219, 101.0655746459961, 95.25067138671875, 90.07621765136719, 84.57095336914062, 80.30424499511719, 76.00788879394531, 72.74553680419922, 70.05886840820312, 67.29342651367188, 64.00420379638672, 61.89009094238281, 60.41775894165039, 58.24485778808594, 56.3518180847168, 54.211544036865234, 52.7517204284668, 51.533329010009766, 50.07001495361328, 48.797420501708984, 47.364017486572266, 46.60831069946289, 44.88746643066406, 44.05561447143555, 42.737022399902344, 41.682830810546875, 40.69989776611328, 39.76496124267578, 39.42060852050781, 38.027435302734375, 37.32606887817383, 36.540618896484375, 35.91053009033203, 35.03293228149414, 34.61404800415039, 33.21009826660156, 33.006168365478516, 32.47764205932617, 31.8682918548584, 31.382308959960938, 31.045806884765625, 30.111331939697266, 30.081085205078125, 29.50960350036621, 29.154958724975586, 28.720502853393555, 28.07442283630371, 27.882558822631836, 27.280860900878906, 27.0634708404541, 26.818771362304688, 26.09925079345703, 25.778850555419922, 25.52124786376953, 25.263429641723633, 24.841127395629883, 24.350605010986328, 24.15235137939453, 23.920055389404297, 23.694311141967773, 23.28839111328125, 22.950439453125, 22.834524154663086, 22.34397315979004, 22.32253074645996, 22.047574996948242, 22.054262161254883, 21.518943786621094, 21.250545501708984, 21.197734832763672, 21.03593635559082, 20.568862915039062, 20.56486701965332, 20.470151901245117, 20.156005859375, 20.04802894592285, 19.78702735900879, 19.556350708007812, 19.35039710998535, 19.54995346069336, 18.827259063720703, 19.074249267578125, 18.75312042236328, 18.665761947631836, 18.272310256958008, 18.023094177246094, 17.978775024414062, 17.896785736083984, 17.696258544921875, 17.668977737426758, 17.484241485595703, 17.320236206054688, 17.219268798828125, 17.32904815673828, 17.009632110595703, 16.920997619628906, 16.50585174560547, 16.650074005126953], "mean_squared_error": [10582.1103515625, 1311.8453369140625, 595.528564453125, 388.6003112792969, 293.4512634277344, 238.93148803710938, 203.02293395996094, 177.7004852294922, 156.95257568359375, 142.3391876220703, 130.2945098876953, 117.24716186523438, 108.50224304199219, 101.0655746459961, 95.25067138671875, 90.07621765136719, 84.57095336914062, 80.30424499511719, 76.00788879394531, 72.74553680419922, 70.05886840820312, 67.29342651367188, 64.00420379638672, 61.89009094238281, 60.41775894165039, 58.24485778808594, 56.3518180847168, 54.211544036865234, 52.7517204284668, 51.533329010009766, 50.07001495361328, 48.797420501708984, 47.364017486572266, 46.60831069946289, 44.88746643066406, 44.05561447143555, 42.737022399902344, 41.682830810546875, 40.69989776611328, 39.76496124267578, 39.42060852050781, 38.027435302734375, 37.32606887817383, 36.540618896484375, 35.91053009033203, 35.03293228149414, 34.61404800415039, 33.21009826660156, 33.006168365478516, 32.47764205932617, 31.8682918548584, 31.382308959960938, 31.045806884765625, 30.111331939697266, 30.081085205078125, 29.50960350036621, 29.154958724975586, 28.720502853393555, 28.07442283630371, 27.882558822631836, 27.280860900878906, 27.0634708404541, 26.818771362304688, 26.09925079345703, 25.778850555419922, 25.52124786376953, 25.263429641723633, 24.841127395629883, 24.350605010986328, 24.15235137939453, 23.920055389404297, 23.694311141967773, 23.28839111328125, 22.950439453125, 22.834524154663086, 22.34397315979004, 22.32253074645996, 22.047574996948242, 22.054262161254883, 21.518943786621094, 21.250545501708984, 21.197734832763672, 21.03593635559082, 20.568862915039062, 20.56486701965332, 20.470151901245117, 20.156005859375, 20.04802894592285, 19.78702735900879, 19.556350708007812, 19.35039710998535, 19.54995346069336, 18.827259063720703, 19.074249267578125, 18.75312042236328, 18.665761947631836, 18.272310256958008, 18.023094177246094, 17.978775024414062, 17.896785736083984, 17.696258544921875, 17.668977737426758, 17.484241485595703, 17.320236206054688, 17.219268798828125, 17.32904815673828, 17.009632110595703, 16.920997619628906, 16.50585174560547, 16.650074005126953], "mean_absolute_error": [73.35091400146484, 25.534042358398438, 17.325998306274414, 14.038434982299805, 12.206013679504395, 11.024040222167969, 10.16799545288086, 9.501736640930176, 8.925275802612305, 8.500094413757324, 8.131182670593262, 7.689369201660156, 7.404730319976807, 7.143555641174316, 6.9431562423706055, 6.752644062042236, 6.532081604003906, 6.373945236206055, 6.192885875701904, 6.0625762939453125, 5.948799133300781, 5.831692695617676, 5.680666446685791, 5.599318504333496, 5.5273261070251465, 5.437081336975098, 5.344869136810303, 5.2451558113098145, 5.181950569152832, 5.126946926116943, 5.04399299621582, 4.9785943031311035, 4.915370941162109, 4.880105018615723, 4.780450820922852, 4.740065574645996, 4.669270992279053, 4.608713150024414, 4.557134628295898, 4.516192436218262, 4.489766597747803, 4.409028053283691, 4.371501445770264, 4.320959091186523, 4.2847819328308105, 4.22914457321167, 4.2122392654418945, 4.11337423324585, 4.102793216705322, 4.07921028137207, 4.044557094573975, 4.001558303833008, 3.9877402782440186, 3.9200398921966553, 3.9269585609436035, 3.887103796005249, 3.8688035011291504, 3.8376359939575195, 3.7927498817443848, 3.7886734008789062, 3.742863893508911, 3.728463888168335, 3.7075088024139404, 3.6624069213867188, 3.6400985717773438, 3.6213998794555664, 3.6102726459503174, 3.565526247024536, 3.5348551273345947, 3.520927667617798, 3.505681276321411, 3.4925920963287354, 3.4644265174865723, 3.4390318393707275, 3.4285943508148193, 3.391119956970215, 3.3989899158477783, 3.3667256832122803, 3.374892234802246, 3.3283450603485107, 3.309192657470703, 3.3091275691986084, 3.2961463928222656, 3.259430408477783, 3.2603583335876465, 3.2581405639648438, 3.23026967048645, 3.2199923992156982, 3.2029685974121094, 3.1840121746063232, 3.1620712280273438, 3.1848883628845215, 3.122051954269409, 3.1403515338897705, 3.117724657058716, 3.1095831394195557, 3.080376625061035, 3.0577805042266846, 3.0519847869873047, 3.0514438152313232, 3.035789966583252, 3.029914140701294, 3.018289089202881, 3.000190258026123, 2.9901607036590576, 3.0035006999969482, 2.9774699211120605, 2.969477891921997, 2.9283668994903564, 2.947439193725586],