{"loss": [8031.16943359375, 987.5880737304688, 525.108642578125, 341.0369873046875, 246.86184692382812, 187.41932678222656, 150.86314392089844, 124.55747985839844, 109.27481079101562, 93.88697814941406, 85.05362701416016, 76.24424743652344, 70.04370880126953, 64.7779541015625, 59.605224609375, 55.898582458496094, 53.160221099853516, 50.061424255371094, 46.89934539794922, 44.85244369506836, 43.219329833984375, 40.52750015258789, 38.83515167236328, 37.424110412597656, 36.09150314331055, 34.33751678466797, 33.941558837890625, 32.18282699584961, 31.38141632080078, 29.99781608581543, 29.41104507446289, 28.740999221801758, 27.995344161987305, 27.04193878173828, 26.483173370361328, 25.805448532104492, 25.01107406616211, 24.931385040283203, 24.05811309814453, 23.589492797851562, 23.26152801513672, 22.84397315979004, 22.677505493164062, 21.817047119140625, 21.825735092163086, 21.26571273803711, 20.928239822387695, 20.476680755615234, 20.68863868713379, 19.955421447753906, 19.77261734008789, 19.510845184326172, 19.541597366333008, 19.176918029785156, 18.912559509277344, 18.631288528442383, 18.448135375976562, 18.455707550048828, 18.370946884155273, 18.01853370666504, 17.70667266845703, 17.52417755126953, 17.462158203125, 17.294404983520508, 17.278118133544922, 16.89020347595215, 16.831140518188477, 16.71085548400879, 16.392824172973633, 16.485816955566406, 16.34132194519043, 16.171955108642578, 16.081653594970703, 15.910161018371582, 15.879823684692383, 15.7559175491333, 15.5877046585083, 15.378270149230957, 15.320781707763672, 15.37154769897461], "mean_squared_error": [8031.16943359375, 987.5880737304688, 525.108642578125, 341.0369873046875, 246.86184692382812, 187.41932678222656, 150.86314392089844, 124.55747985839844, 109.27481079101562, 93.88697814941406, 85.05362701416016, 76.24424743652344, 70.04370880126953, 64.7779541015625, 59.605224609375, 55.898582458496094, 53.160221099853516, 50.061424255371094, 46.89934539794922, 44.85244369506836, 43.219329833984375, 40.52750015258789, 38.83515167236328, 37.424110412597656, 36.09150314331055, 34.33751678466797, 33.941558837890625, 32.18282699584961, 31.38141632080078, 29.99781608581543, 29.41104507446289, 28.740999221801758, 27.995344161987305, 27.04193878173828, 26.483173370361328, 25.805448532104492, 25.01107406616211, 24.931385040283203, 24.05811309814453, 23.589492797851562, 23.26152801513672, 22.84397315979004, 22.677505493164062, 21.817047119140625, 21.825735092163086, 21.26571273803711, 20.928239822387695, 20.476680755615234, 20.68863868713379, 19.955421447753906, 19.77261734008789, 19.510845184326172, 19.541597366333008, 19.176918029785156, 18.912559509277344, 18.631288528442383, 18.448135375976562, 18.455707550048828, 18.370946884155273, 18.01853370666504, 17.70667266845703, 17.52417755126953, 17.462158203125, 17.294404983520508, 17.278118133544922, 16.89020347595215, 16.831140518188477, 16.71085548400879, 16.392824172973633, 16.485816955566406, 16.34132194519043, 16.171955108642578, 16.081653594970703, 15.910161018371582, 15.879823684692383, 15.7559175491333, 15.5877046585083, 15.378270149230957, 15.320781707763672, 15.37154769897461], "mean_absolute_error": [61.5718994140625, 23.40711212158203, 16.898820877075195, 13.538612365722656, 11.481693267822266, 9.970486640930176, 8.931144714355469, 8.092841148376465, 7.587324142456055, 7.009486198425293, 6.674078941345215, 6.316120624542236, 6.059262275695801, 5.82122278213501, 5.584449291229248, 5.398749351501465, 5.278415203094482, 5.116631984710693, 4.948447227478027, 4.852206230163574, 4.757472515106201, 4.612670421600342, 4.506772994995117, 4.424654006958008, 4.362618446350098, 4.242547035217285, 4.225510120391846, 4.112226486206055, 4.061988830566406, 3.9705398082733154, 3.9396631717681885, 3.89182448387146, 3.8408777713775635, 3.7761716842651367, 3.7333590984344482, 3.6918723583221436, 3.6300048828125, 3.63362979888916, 3.5723118782043457, 3.5391969680786133, 3.514070749282837, 3.4849445819854736, 3.469897985458374, 3.4036900997161865, 3.4132328033447266, 3.360944986343384, 3.334146022796631, 3.3064005374908447, 3.3263354301452637, 3.262725353240967, 3.2474799156188965, 3.23275089263916, 3.2338016033172607, 3.2026567459106445, 3.1793434619903564, 3.1577565670013428, 3.141754388809204, 3.1427698135375977, 3.1378109455108643, 3.1115503311157227, 3.0780441761016846, 3.0650203227996826, 3.059438943862915, 3.043154001235962, 3.0396504402160645, 3.008913278579712, 3.0084593296051025, 2.9990158081054688, 2.9659833908081055, 2.9757885932922363, 2.9646735191345215, 2.948378086090088, 2.9435038566589355, 2.9253389835357666, 2.9264349937438965, 2.9182543754577637, 2.8950908184051514, 2.8765299320220947, 2.877927780151367, 2.8809597492218018], "val_loss": [1384.7923583984375, 685.137939453125, 402.5370788574219, 295.68951416015625, 203.79737854003906, 151.98741149902344, 147.8427276611328, 125.2281494140625, 106.66517639160156, 87.49929809570312, 79.8328857421875, 74.87527465820312, 74.89889526367188, 60.655906677246094, 59.091087341308594, 67.1514663696289, 52.80620193481445, 47.14744186401367, 55.13072967529297, 49.11903762817383, 59.24261474609375, 44.052940368652344, 39.16157531738281, 36.135684967041016, 39.102264404296875, 35.277496337890625, 42.44264602661133, 31.65663719177246, 36.48567581176758, 38.3364372253418, 27.695371627807617, 27.151565551757812, 49.82524108886719, 31.830087661743164, 32.67329788208008, 26.549409866333008, 24.143970489501953, 31.781579971313477, 30.53959083557129, 23.333280563354492, 26.3997745513916, 24.309242248535156, 37.247188568115234, 29.68185043334961, 23.324443817138672, 21.491870880126953, 22.882097244262695, 25.346637725830078, 28.56914710998535, 22.227083206176758, 23.68207550048828, 22.24332046508789, 19.814186096191406, 28.09571647644043, 20.02863311767578, 21.934114456176758, 23.102371215820312, 18.760778427124023, 20.623027801513672, 20.157814025878906, 18.98362159729004, 20.270915985107422, 19.767297744750977, 22.001338958740234, 23.19953155517578, 20.884267807006836, 20.10991668701172, 27.135725021362305, 18.05034637451172, 17.23618507385254, 17.40472412109375, 19.30951690673828, 22.648225784301758, 18.953323364257812, 22.717985153198242, 22.151514053344727, 22.19976806640625, 18.964998245239258, 18.201309204101562, 22.008832931518555], "val_mean_squared_error": [1384.7923583984375, 685.137939453125, 402.5370788574219, 295.68951416015625, 203.79737854003906, 151.98741149902344, 147.8427276611328, 125.2281494140625, 106.66517639160156, 87.49929809570312, 79.8328857421875, 74.87527465820312, 74.89889526367188, 60.655906677246094, 59.091087341308594, 67.1514663696289, 52.80620193481445, 47.14744186401367, 55.13072967529297, 49.11903762817383, 59.24261474609375, 44.052940368652344, 39.16157531738281, 36.135684967041016, 39.102264404296875, 35.277496337890625, 42.44264602661133, 31.65663719177246, 36.48567581176758, 38.3364372253418, 27.695371627807617, 27.151565551757812, 49.82524108886719, 31.830087661743164, 32.67329788208008, 26.549409866333008, 24.143970489501953, 31.781579971313477, 30.53959083557129, 23.333280563354492, 26.3997745513916, 24.309242248535156, 37.247188568115234, 29.68185043334961, 23.324443817138672, 21.491870880126953, 22.882097244262695, 25.346637725830078, 28.56914710998535, 22.227083206176758, 23.68207550048828, 22.24332046508789, 19.814186096191406, 28.09571647644043, 20.02863311767578, 21.934114456176758, 23.102371215820312, 18.760778427124023, 20.623027801513672, 20.157814025878906, 18.98362159729004, 20.270915985107422, 19.767297744750977, 22.001338958740234, 23.19953155517578, 20.884267807006836, 20.10991668701172, 27.135725021362305, 18.05034637451172, 17.23618507385254, 17.40472412109375, 19.30951690673828, 22.648225784301758, 18.953323364257812, 22.717985153198242, 22.151514053344727, 22.19976806640625, 18.964998245239258, 18.201309204101562, 22.008832931518555],