{"loss": [19754.166015625, 5284.578125, 1613.7958984375, 1156.86474609375, 925.693603515625, 765.2738647460938, 667.5347900390625, 579.4279174804688, 530.7216796875, 469.9623107910156, 429.68121337890625, 395.5034484863281, 367.3351745605469, 335.26629638671875, 320.97296142578125, 302.8914794921875, 283.0917663574219, 271.5052490234375, 262.56207275390625, 249.6930389404297, 239.9894561767578, 230.6765899658203, 225.06512451171875, 217.95909118652344, 212.5955047607422, 207.2465057373047, 200.6109161376953, 197.0232696533203, 189.47149658203125, 185.90737915039062, 182.0905303955078, 181.1850128173828, 173.24758911132812, 171.5103759765625, 169.14280700683594, 167.58056640625, 163.2982177734375, 158.51165771484375, 157.4314422607422, 156.333251953125, 152.8721923828125, 150.8985137939453, 150.1278533935547, 145.88864135742188, 143.90280151367188, 144.1634063720703, 140.43299865722656, 139.3041534423828, 137.95953369140625, 136.73126220703125, 133.72006225585938, 134.3589630126953, 133.43348693847656, 129.17225646972656, 129.36105346679688, 127.28092956542969, 127.30103302001953, 124.96376037597656, 124.87712860107422, 124.26512908935547, 123.04249572753906, 120.72069549560547, 119.65377807617188, 119.37458801269531, 118.38683319091797, 117.48887634277344, 116.31793212890625, 116.19190216064453, 115.3351821899414, 114.13243103027344, 111.4570541381836, 113.83440399169922, 111.79645538330078, 109.86441802978516, 110.66332244873047, 109.77024841308594, 108.53225708007812, 110.3526840209961, 108.46218872070312, 107.23389434814453, 107.59716033935547, 107.208251953125, 105.78501892089844, 105.09864044189453, 104.19821166992188, 104.42776489257812, 103.37171173095703, 102.83010864257812, 102.33989715576172, 102.94905853271484, 102.09406280517578, 100.9437026977539, 100.67231750488281, 99.92781829833984, 99.73027038574219, 100.60206604003906, 97.40935516357422, 99.42059326171875, 98.04259490966797, 98.26420593261719, 95.97381591796875, 96.83015441894531, 95.69108581542969, 95.3163833618164, 95.3218994140625, 94.60133361816406, 94.69245910644531, 94.16226959228516, 94.22056579589844, 93.48600769042969], "mean_squared_error": [19754.166015625, 5284.578125, 1613.7958984375, 1156.86474609375, 925.693603515625, 765.2738647460938, 667.5347900390625, 579.4279174804688, 530.7216796875, 469.9623107910156, 429.68121337890625, 395.5034484863281, 367.3351745605469, 335.26629638671875, 320.97296142578125, 302.8914794921875, 283.0917663574219, 271.5052490234375, 262.56207275390625, 249.6930389404297, 239.9894561767578, 230.6765899658203, 225.06512451171875, 217.95909118652344, 212.5955047607422, 207.2465057373047, 200.6109161376953, 197.0232696533203, 189.47149658203125, 185.90737915039062, 182.0905303955078, 181.1850128173828, 173.24758911132812, 171.5103759765625, 169.14280700683594, 167.58056640625, 163.2982177734375, 158.51165771484375, 157.4314422607422, 156.333251953125, 152.8721923828125, 150.8985137939453, 150.1278533935547, 145.88864135742188, 143.90280151367188, 144.1634063720703, 140.43299865722656, 139.3041534423828, 137.95953369140625, 136.73126220703125, 133.72006225585938, 134.3589630126953, 133.43348693847656, 129.17225646972656, 129.36105346679688, 127.28092956542969, 127.30103302001953, 124.96376037597656, 124.87712860107422, 124.26512908935547, 123.04249572753906, 120.72069549560547, 119.65377807617188, 119.37458801269531, 118.38683319091797, 117.48887634277344, 116.31793212890625, 116.19190216064453, 115.3351821899414, 114.13243103027344, 111.4570541381836, 113.83440399169922, 111.79645538330078, 109.86441802978516, 110.66332244873047, 109.77024841308594, 108.53225708007812, 110.3526840209961, 108.46218872070312, 107.23389434814453, 107.59716033935547, 107.208251953125, 105.78501892089844, 105.09864044189453, 104.19821166992188, 104.42776489257812, 103.37171173095703, 102.83010864257812, 102.33989715576172, 102.94905853271484, 102.09406280517578, 100.9437026977539, 100.67231750488281, 99.92781829833984, 99.73027038574219, 100.60206604003906, 97.40935516357422, 99.42059326171875, 98.04259490966797, 98.26420593261719, 95.97381591796875, 96.83015441894531, 95.69108581542969, 95.3163833618164, 95.3218994140625, 94.60133361816406, 94.69245910644531, 94.16226959228516, 94.22056579589844, 93.48600769042969], "mean_absolute_error": [113.70993041992188, 51.732276916503906, 29.007295608520508, 24.567039489746094, 22.014745712280273, 20.017841339111328, 18.716415405273438, 17.404512405395508, 16.67143440246582, 15.64416790008545, 14.97314453125, 14.361526489257812, 13.890701293945312, 13.282160758972168, 12.984395027160645, 12.609028816223145, 12.199690818786621, 11.941572189331055, 11.748063087463379, 11.447510719299316, 11.255558013916016, 11.012737274169922, 10.862875938415527, 10.719043731689453, 10.566974639892578, 10.456668853759766, 10.288074493408203, 10.163321495056152, 10.008377075195312, 9.906245231628418, 9.804449081420898, 9.768896102905273, 9.56548023223877, 9.537906646728516, 9.465060234069824, 9.413933753967285, 9.279192924499512, 9.160314559936523, 9.136882781982422, 9.082205772399902, 8.999805450439453, 8.954950332641602, 8.916763305664062, 8.800592422485352, 8.741898536682129, 8.744987487792969, 8.645865440368652, 8.634546279907227, 8.582489013671875, 8.535117149353027, 8.437137603759766, 8.470380783081055, 8.426125526428223, 8.304219245910645, 8.309659004211426, 8.236490249633789, 8.248242378234863, 8.173406600952148, 8.170330047607422, 8.164071083068848, 8.108004570007324, 8.03877067565918, 8.00016975402832, 7.99490213394165, 7.960101127624512, 7.938089847564697, 7.9029927253723145, 7.9003682136535645, 7.847236156463623, 7.825458526611328, 7.737889766693115, 7.814010143280029, 7.747325420379639, 7.691596031188965, 7.721626281738281, 7.684170722961426, 7.637853622436523, 7.683596611022949, 7.640580654144287, 7.594200611114502, 7.611106872558594, 7.608190059661865, 7.552273273468018, 7.529711723327637, 7.4901123046875, 7.51317834854126, 7.460085868835449, 7.448217391967773, 7.431058883666992, 7.444256782531738, 7.418266296386719, 7.3758463859558105, 7.37755012512207, 7.340484142303467, 7.337738037109375, 7.362522602081299, 7.258505344390869, 7.33873987197876, 7.279536247253418, 7.279764175415039, 7.1961350440979, 7.244424343109131, 7.18586540222168, 7.180790424346924, 7.188101768493652, 7.165126323699951, 7.163143634796143, 7.151165008544922, 7.134615421295166, 7.126694202423096],