{"loss": [6616.244140625, 642.930419921875, 338.8623962402344, 231.76597595214844, 176.04837036132812, 143.60060119628906, 121.82899475097656, 105.4254150390625, 91.32794189453125, 82.54974365234375, 74.3006362915039, 67.8593978881836, 62.2008056640625, 57.186832427978516, 53.9581184387207, 49.97920608520508, 46.86396789550781, 43.78026580810547, 41.504024505615234, 39.767757415771484], "mean_squared_error": [6616.244140625, 642.930419921875, 338.8623962402344, 231.76597595214844, 176.04837036132812, 143.60060119628906, 121.82899475097656, 105.4254150390625, 91.32794189453125, 82.54974365234375, 74.3006362915039, 67.8593978881836, 62.2008056640625, 57.186832427978516, 53.9581184387207, 49.97920608520508, 46.86396789550781, 43.78026580810547, 41.504024505615234, 39.767757415771484], "mean_absolute_error": [53.90450668334961, 18.340991973876953, 13.36749267578125, 11.000201225280762, 9.568546295166016, 8.679444313049316, 8.00210952758789, 7.437591075897217, 6.925121307373047, 6.5882086753845215, 6.245901584625244, 5.966580390930176, 5.705358028411865, 5.459837913513184, 5.321557998657227, 5.111526012420654, 4.95259428024292, 4.789248466491699, 4.669172286987305, 4.574756145477295], "val_loss": [991.1712646484375, 392.9331359863281, 250.0928192138672, 321.1849060058594, 155.7495880126953, 127.17794036865234, 132.2862548828125, 101.28178405761719, 79.7045669555664, 67.42390441894531, 74.92504119873047, 64.84260559082031, 58.56436538696289, 72.0686264038086, 66.48601531982422, 56.442161560058594, 41.51237869262695, 43.92024612426758, 40.88599395751953, 38.993125915527344], "val_mean_squared_error": [991.1712646484375, 392.9331359863281, 250.0928192138672, 321.1849060058594, 155.7495880126953, 127.17794036865234, 132.2862548828125, 101.28178405761719, 79.7045669555664, 67.42390441894531, 74.92504119873047, 64.84260559082031, 58.56436538696289, 72.0686264038086, 66.48601531982422, 56.442161560058594, 41.51237869262695, 43.92024612426758, 40.88599395751953, 38.993125915527344], "val_mean_absolute_error": [22.924854278564453, 14.311129570007324, 11.168426513671875, 13.695178985595703, 8.908747673034668, 8.120128631591797, 8.493937492370605, 7.290480136871338, 6.359312534332275, 5.72897481918335, 6.14607048034668, 5.712306022644043, 5.359952926635742, 6.139182090759277, 6.02122163772583, 5.3131208419799805, 4.496240615844727, 4.720345973968506, 4.532452583312988, 4.4226531982421875]}